{
  "descriptive_statistics": {
    "couples": {
      "n": 24,
      "mean": 0.01784709532621408,
      "median": 0.026991722872770536,
      "std": 0.07242979252160862,
      "min": -0.15791306722242593,
      "max": 0.15763955117205705,
      "q25": -0.03382877643897079,
      "q75": 0.0698810804739608
    },
    "random_pairs": {
      "n": 24,
      "mean": 0.12341928779923748,
      "median": 0.07527643895511299,
      "std": 0.16610402234380392,
      "min": -0.17352887262712513,
      "max": 0.47218236115981893,
      "q25": 0.028688660432715448,
      "q75": 0.29552206994987323
    }
  },
  "t_test": {
    "test": "independent_t_test",
    "t_statistic": -2.7940503507638503,
    "p_value": 0.007564029695317436,
    "significant": true,
    "interpretation": "Couples are significantly more similar"
  },
  "mann_whitney_test": {
    "test": "mann_whitney_u",
    "u_statistic": 170.0,
    "p_value": 0.9927257803733642,
    "significant": false,
    "interpretation": "No significant difference"
  },
  "cohens_d": -0.8065728610714386,
  "permutation_test": {
    "test": "permutation_test",
    "observed_difference": -0.10557219247302341,
    "p_value": 0.9967,
    "n_permutations": 10000,
    "significant": false,
    "interpretation": "No significant difference"
  },
  "raw_data": {
    "couple_similarities": [
      0.04099718608895993,
      0.15763955117205705,
      0.026401402344802368,
      0.027582043400738703,
      -0.05848782578585241,
      0.06677973049785446,
      0.09316834890802053,
      0.06752800542605887,
      0.1046495764199068,
      -0.023493452973751352,
      -0.15791306722242593,
      0.04252778956007692,
      -0.03731546408081459,
      -0.03322478297412444,
      -0.04908743980788959,
      0.041081139370929054,
      -0.03564075683350983,
      0.012793530380900864,
      0.11574499522611072,
      2.7313487974801585e-05,
      -0.11060247485247054,
      0.07694030561766657,
      -0.018876852410991206,
      0.07911148686891029
    ],
    "random_similarities": [
      0.0794797566414563,
      0.3697098784509947,
      0.04479366331189098,
      0.10557662568085444,
      -0.0468605074590952,
      0.39037636961158234,
      0.0622326906384994,
      0.06733825829701606,
      0.47218236115981893,
      -0.03326674142797946,
      0.29849772809392455,
      0.302551977586382,
      -0.17352887262712513,
      0.13565594325355576,
      0.18852632134142777,
      0.2950467535741721,
      -0.022807288419557124,
      -0.019626348204811156,
      -0.14053712416960817,
      0.29694801907697665,
      0.053293779212874565,
      0.11719998825432033,
      0.07107312126876966,
      0.048206554035359145
    ]
  }
}